{
    "accuracy": 0.9019607843137255,
    "f1_score": 0.9010699236532415
}